,image_URL
0,https://www.tbs.co.jp/anime/5hanayome/img/top_img_02.jpg
1,https://www.tbs.co.jp/anime/5hanayome/img/top_img_05.jpg
2,https://www.tbs.co.jp/anime/5hanayome/img/top_img_04.jpg
3,https://i.ytimg.com/vi/o3MopPDakGA/maxresdefault.jpg
4,https://i.ytimg.com/vi/pCwfEB6PbFk/maxresdefault.jpg
5,https://www.tbs.co.jp/anime/5hanayome/img/ogp.jpg
6,https://images.prod.hjholdings.tv/d3urerHm/uploads/2dec9bed-3af6-4672-b02b-86b198320e1a.png?w=1600&h=600&p=t
7,https://gyao-pctr.c.yimg.jp/fm3pUuCMT9YUMx3MlyMessi3zS1dQtus5BtzDHCMC0Kwc7ttwix7DNA6zVblEXKwe9WiMmFPwfTQAS_VUWHxmvm9cHoSCz4T9n5mngGu2sh4xE3dZg7ITFZfVhFfDBiH97EiuqnFCPXBW4GmefTDkMhnTaqg46vMxBxOTIvMp8lRj9E9cYTZk_mxM5yD4smA6VfZhtSBxNnR2A_wUIVJDQ==
8,https://www.tbs.co.jp/anime/5hanayome/2nd/img/ogp.jpg
9,https://abm.hayabusa.media/series/189-27/portrait.png%3Fversion%3D1627288460?format=jpg&height=364&mode=fast&quality=75&width=256
10,https://i.ytimg.com/vi/f0veKLMX1oA/maxresdefault.jpg
11,https://sp-akiba-souken.k-img.com/images/article/000/890/890378.jpg
12,https://animeanime.jp/imgs/zoom/483661.png
13,https://m.media-amazon.com/images/I/71XdzOf5kjL.jpg
14,https://pbs.twimg.com/media/FiZU_ZiaMAIQV7y?format=jpg&name=large
15,https://i.ytimg.com/vi/bSiJRxymAgY/maxresdefault.jpg
16,https://abm.hayabusa.media/series/189-11/portrait.png%3Fversion%3D1627289116?format=jpg&height=364&mode=fast&quality=75&width=256
17,https://webnewtype.com/rsz/S1/248372/1572611.jpg/w355/
18,https://m.media-amazon.com/images/I/71k6B0bgSAL.jpg
19,https://hayabusa.io/abema/series/189-27/thumb.w800.v1627288460.jpg
20,https://img2.animatetimes.com/2021/01/5ff41a7c3d9cf_8c64bacf0f87f60ac4f249cad616da8f.jpg
21,https://www.tbs.co.jp/anime/5hanayome/img/top_img_01.jpg
22,https://imgc.nxtv.jp/img/info/tit/00039/SID0039101.png?output-format=jpg&output-quality=70&resize=1024:*
23,https://manga-games.com/wp-content/uploads/2020/11/7_1-11.jpg
24,https://cs1.animestore.docomo.ne.jp/anime_kv/img/24/41/0/24410_1_d2.jpg?1605603669000
25,https://hayabusa.io/abema/programs/189-27_s2_p1/thumb002.v1627623152?background=000000&fit=fill&format=jpg&height=432&quality=75&version=1627623152&width=768
26,https://sp-akiba-souken.k-img.com/thumbnail/images/article/000/893/893046.jpg?w=640&h=480&m=resize
27,https://img2.animatetimes.com/2022/01/61d68d048e85c_bfe511f6aa67104bae66ccf3c337f4df.jpg
28,https://newstisiki.com/wp-content/uploads/2018/12/84fd9f34b35468095e0f5eebb84dd6dc.jpg
29,https://nonta55.com/wp-content/uploads/2020/05/5696e55276e8e6e91b6375e4485dd49b.jpg
30,https://i.ytimg.com/vi/8cQH4CELCSw/maxresdefault.jpg
31,https://anime.nicovideo.jp/assets/images/detail/5hanayome_L.jpg
32,https://gyaostore-pctr.c.yimg.jp/uUzvQ3lML_bkIqyakc1vFs5m5vWpmdnzwFmHSWX0ZqoTyGv9e4mU65Pf6Nlqej71G6jQvvV6QBM5i_V5yVuqvG3XfSMHoP_068vp-31z5av_KgXHNPiye_FaPyzUBC_M473xzY6Qb5CJhHEIjckEEd_dSaiiPoQU7JDpb4KuW-UK64N5YK20UBWmeUngThlhc9ur9BufPgds2PZMJjNC0TFZIy62NKNdAq5FVEP-Y88=
33,https://cv.bkmkn.kodansha.co.jp/9784065279021/9784065279021_w.jpg
34,https://ottoku-blog.com/wp-content/uploads/2021/03/5hayayome-s.jpg
35,https://prtimes.jp/i/80345/9/resize/d80345-9-439061-0.png
36,https://cs1.animestore.docomo.ne.jp/anime_kv/img/25/87/0/25870_1_d2.jpg?1665464581875
37,https://newstisiki.com/wp-content/uploads/2021/02/b795072ecdd1a2b666884cf3e365d8b7.jpg
38,https://webnewtype.com/rsz/S1/248145/1571049.jpg/w355/
39,https://pbs.twimg.com/media/FZD3rfUaAAAwbJt.jpg:large
40,https://imgv.vm-movie.jp/image/ktai/title/035/a035671.jpg
41,https://www.tbs.co.jp/anime/5hanayome/1st/story/img/story12/04.png
42,https://hayabusa.io/abema/programs/189-11_s1_p1/thumb002.v1627622603?background=000000&fit=fill&format=jpg&height=432&quality=75&version=1627622603&width=768
43,https://m.media-amazon.com/images/I/71acKNsmlCL.jpg
44,https://img.hmv.co.jp/image/jacket/800/0000115/1/2/587.jpg
45,https://www.tbs.co.jp/anime/5hanayome/img/top_img_03.jpg
46,https://times-abema.ismcdn.jp/mwimgs/2/3/724w/img_23979337c710c59b20f4f88e4a8e84fd177694.jpg
47,https://prtimes.jp/i/12086/549/origin/d12086-549-28cc246a7d2ad2852b55-2.png
48,https://i.ytimg.com/vi/hHRUr7WEuEU/maxresdefault.jpg
49,https://img2.animatetimes.com/2019/05/5cc5053f55e64_d43f77bee83f87e6e12f262e69747360.jpg
50,https://img2.animatetimes.com/2019/01/01301000-1.jpg
51,https://dengekionline.com/images/moFO/6vIQ/wS6y/sZTG/AL55MSjpcfr5tRXenFmgFrHaAoxJzd86etUQL1z6In1t8fZCacnv4XKmtQacHcDbExV7n6lqZHSXLgq6_main.jpg
52,https://times-abema.ismcdn.jp/mwimgs/3/3/-/img_33fb77d81b9c30d3e3744123edb98c99213073.jpg
53,https://s.yimg.jp/images/gyao/specials/2022/5hanayome/img/ogp_1200_630.jpg
54,https://img2.animatetimes.com/2019/01/keyvisual-1.jpg
55,https://www.tbs.co.jp/anime/5hanayome/1st/story/img/story01/01.png
56,https://i.ytimg.com/vi/3bPvwcxzqFo/maxresdefault.jpg
57,https://pbs.twimg.com/media/Es3jPNrU4AMDCVu.jpg
58,https://webnewtype.com/rsz/S1/248075/1570613.jpg/w355/
59,https://img2.animatetimes.com/2021/03/60597e3edd7a3_44246723047b9f8384ec4a5c88867803.jpg
60,https://www.tbs.co.jp/anime/5hanayome/1st/img/banner_movie_03.png
61,https://i.ytimg.com/vi/emaHfn1C-zU/maxresdefault.jpg
62,https://pbs.twimg.com/media/FTISGxGUAAIskE1.jpg
63,https://originalnews.nico/wp-content/uploads/2021/01/17042003/gtbhm2_01.jpg
64,https://cs1.animestore.docomo.ne.jp/anime_kv/img/24/41/0/0/02/24410002_1_2.png?1607936437000
65,https://img2.animatetimes.com/2020/02/5e4b99aae89c0_7351f125ee34cc2d56902b5c45c92638.jpg
66,https://sp-akiba-souken.k-img.com/thumbnail/images/article/000/889/889291.jpg?w=640&h=480&m=resize
67,https://times-abema.ismcdn.jp/mwimgs/8/b/724w/img_8b70a86a575d6ec5ea057c8d4fc80f56107506.jpg
68,https://cs1.animestore.docomo.ne.jp/anime_kv/img/23/97/2/23972_1_8_8b.png?1587961808000
69,https://i.ytimg.com/vi/liu1UoRhB_Q/maxresdefault.jpg
70,https://originalnews.nico/wp-content/uploads/2020/02/21162543/01_10125555i.jpg
71,https://i.ytimg.com/vi/OiniuERqPaQ/maxresdefault.jpg
72,https://iti-inc.co.jp/sub-choice/wp-content/uploads/2022/05/%E3%82%B9%E3%82%AF%E3%83%AA%E3%83%BC%E3%83%B3%E3%82%B7%E3%83%A7%E3%83%83%E3%83%88-2022-05-27-162506.webp
73,https://cs1.animestore.docomo.ne.jp/anime_kv/img/24/41/0/0/07/24410007_1_2.png?1611651650000
74,https://image2.b-ch.com/ttl2/6377/6377001a.jpg?impolicy=fitin&ww=480&hh=270
75,https://encrypted-tbn0.gstatic.com/images?q=tbn:ANd9GcTZ69a2gQmRfZw_ADXRlePnOcbELS68s7qL6g&usqp=CAU
76,https://img2.animatetimes.com/2021/03/6047308a05ed7_9bd52ceb06383f4b2c0d745a448f417a.jpg
77,https://cs1.animestore.docomo.ne.jp/anime_kv/img/24/41/0/0/06/24410006_1_2.png?1611651629000
78,https://times-abema.ismcdn.jp/mwimgs/3/6/724w/img_36047d2642adee7fa4e204a98fd1ff16166929.jpg
79,https://originalnews.nico/wp-content/uploads/2019/03/11gtw_icon02.jpg
80,https://i.ytimg.com/vi/Wa6xbjVYuEo/maxresdefault.jpg
81,https://pbs.twimg.com/media/EsV2GkGXIAQeib1.jpg
82,https://cs1.animestore.docomo.ne.jp/anime_kv/img/24/41/0/0/08/24410008_1_2.png?1611802806000
83,https://iti-inc.co.jp/sub-choice/wp-content/uploads/2022/05/202205XX_280.webp
84,https://cv.bkmkn.kodansha.co.jp/9784065279762/9784065279762_w.jpg
85,https://dengekionline.com/images/AsmU/mVdN/boAv/NJcE/qyCe4PGA0Le2tQbQHv5Ing2yVvYFDBEsJY2ovSQTbrLJSKtfMYLLdFLirxWY4A2LCvK2yX3fkKLgX64V_main.jpg
86,https://cs1.animestore.docomo.ne.jp/anime_kv/img/25/42/1/25421_1_8_8b.png?1647570607805
87,https://pbs.twimg.com/media/FTsVXDkaIAAezV7.jpg
88,https://originalnews.nico/wp-content/uploads/2019/04/12gtw_02.jpg
89,https://akananime.com/wp-content/uploads/2021/02/11-1.png
90,https://www.tbs.co.jp/anime/5hanayome/img/pvbanner_04_sp.png
91,https://img2.animatetimes.com/2021/03/60597e5dd22f7_db413504ee127ef07d76f33af920a092.jpg
92,https://spice.eplus.jp/images/bcHrMMZf6Bb3khTrhkoRGT2o6Y9y0DRlB6ZoaFUsk8JC6M1JqzOQXyeQLqKjW26L
93,https://anitubu.com/imgs/2021/02/eurqnABPohDtWWz.jpg
94,https://animeanime.jp/imgs/p/rQC-FVStleeQ4uCDm4cdn6GgF60oy6_oqaqr/491342.jpg
95,https://prcdn.freetls.fastly.net/release_image/80345/122/80345-122-5ba4d034ad217a3cb8b5b5fff4e2bcf6-1380x791.png?format=jpeg&auto=webp&quality=85%2C65&width=1950&height=1350&fit=bounds
96,https://img2.animatetimes.com/2021/03/604730a0cb81f_b39a7ac9ba722cccd96be46076b0e227.jpg
97,https://cho-animedia.jp/imgs/ogp_f/174308.jpg
98,https://spice.eplus.jp/images/Rmh5Fc7SpCfG3MGTRJXJiFkfmU4u0B4zBJnAwxHPmaI3UoOdeL49TosojSO3ZSi4
99,https://canime.jp/upload/jacket/PCXP000050893/org/1330201011_1.jpg
100,https://animeanime.jp/imgs/p/rQC-FVStleeQ4uCDm4cdn6GgF60oy6_oqaqr/491342.jpg
101,https://anitubu.com/imgs/2021/02/eurqnABPohDtWWz.jpg
102,https://prcdn.freetls.fastly.net/release_image/80345/122/80345-122-5ba4d034ad217a3cb8b5b5fff4e2bcf6-1380x791.png?format=jpeg&auto=webp&quality=85%2C65&width=1950&height=1350&fit=bounds
103,https://cho-animedia.jp/imgs/ogp_f/174308.jpg
104,https://spice.eplus.jp/images/TGN9eJwphdfeJgEOtCZEkrxzKGojAz2SbsZeD63Dfpavhod7YHhzcxcQNecGRSrl
105,https://img2.animatetimes.com/2021/03/60597e5279920_0efab9867a21f987dc76ce7acbcf2ae6.jpg
106,https://cs1.animestore.docomo.ne.jp/anime_kv/img/24/41/0/0/08/24410008_1_2.png?1611802806000
107,https://imgv.vm-movie.jp/image/vm_pc/aspect4x3_hd/035/m035944.jpg?w=230
108,https://www.gotobun-exhibition.com/memories/wp-content/themes/gotobun-memories/img/top-main03.webp
109,https://img.happyon.jp/d3urerHm/uploads/73403a0d-016f-41aa-aff9-4d217afbdfeb.png?size=600x338
110,https://news.mynavi.jp/article/20220215-2273091/index_images/index.jpg
111,https://spice.eplus.jp/images/Rmh5Fc7SpCfG3MGTRJXJiFkfmU4u0B4zBJnAwxHPmaI3UoOdeL49TosojSO3ZSi4
112,https://cv.bkmkn.kodansha.co.jp/9784065273630/9784065273630_w.jpg
113,https://iti-inc.co.jp/sub-choice/wp-content/uploads/2022/01/%E3%82%B7%E3%83%B3%E3%83%97%E3%83%AB%E3%81%AA%E7%99%BD%E7%8C%AB%E3%82%A2%E3%82%A4%E3%82%B3%E3%83%B3.jpg
114,https://img.hmv.co.jp/image/jacket/800/0000115/1/2/586.jpg
115,https://canime.jp/upload/jacket/PCXP000050893/org/1330201011_1.jpg
116,https://hobby.dengeki.com/ss/hobby/uploads/2022/11/001_PRQ9INozQRwsq5eg0GqKILsL2b4hGdtZ.jpg
117,"https://contents.oricon.co.jp/cdn-cgi/image/width=1200,quality=85,format=auto/upimg/news/20200219/2155709_202002190913234001582083451e.jpg"
118,https://img2.animatetimes.com/2021/01/5ffd70d3ed90c_8fd28e07572c30b56a252710f9066d69.jpg
119,https://image.rakuten.co.jp/gita-r/cabinet/tcl22/tcl2238.jpg
120,https://hana-ato.jp/wp-content/uploads/2022/06/%E3%81%AA%E3%81%9C%E5%9B%9B%E8%91%89%E3%81%8C%E7%B5%90%E5%A9%9A%E3%81%AB%E7%9B%B8%E6%89%8B%E9%81%B8%E3%81%B0%E3%82%8C%E3%81%9F%E3%81%AE%E3%81%8B%EF%BC%9F-%E4%BC%8F%E7%B7%9A%E3%81%8B%E3%82%89%E8%80%83%E5%AF%9F.jpg
121,https://stat.dokusho-ojikan.jp/8f5a0437-5fbc-4e89-88d3-bfd8d1301060.jpg
122,https://game.watch.impress.co.jp/img/gmw/list/1409/878/1.jpg
123,https://i0.wp.com/anime-game-review.com/wp-content/uploads/2019/03/miku3.png?fit=960%2C535&ssl=1
124,https://appmedia.jp/wp-content/uploads/2021/03/4cdfb7e4cd294356a1a4f22b19ac7990.jpg
125,https://item-shopping.c.yimg.jp/i/l/partyhouse702_iy63321079
126,https://www.volks.co.jp/blog_sr/akiba2/assets_c/2022/01/012401-thumb-850x1200-53498.jpg
127,https://www.tbs.co.jp/anime/5hanayome/img/pvbanner_04_sp.png
128,https://storage.mantan-web.jp/images/2021/08/06/20210806dog00m200099000c/001_size6.jpg
129,https://animeanime.jp/imgs/zoom/394236.jpg
130,https://encrypted-tbn0.gstatic.com/images?q=tbn:ANd9GcSJYEwLvzZS7ChamSpk4V_fhSLDTbV_JElTHw&usqp=CAU
131,https://images.prod.hjholdings.tv/d3urerHm/uploads/4599cf87-c43d-4772-ab4d-fc10ce9bae75.png?w=1600&h=600&p=t
132,https://manga-games.com/wp-content/uploads/2021/03/16_1-9.jpg
133,https://www.animate.co.jp/uploads/2020/12/4d00418f58d703d992d290d968667eb0.jpg
134,https://d1bxqgdk88uwr3.cloudfront.net/wp-content/uploads/2021/03/02183827/GH_09_059_result.jpg
135,"https://imgc.eximg.jp/i=https%253A%252F%252Fs.eximg.jp%252Fexnews%252Ffeed%252FAnimeanime%252FAnimeanime_66221_5dbd_1.jpg,zoom=600,quality=70,type=jpg"
136,https://cs1.animestore.docomo.ne.jp/anime_kv/img/24/41/0/0/01/24410001_1_2.png?1607936405000
137,https://renote.jp/files/blobs/proxy/eyJfcmFpbHMiOnsibWVzc2FnZSI6IkJBaHBBeWk4QVE9PSIsImV4cCI6bnVsbCwicHVyIjoiYmxvYl9pZCJ9fQ==--373e3a46f908f006040b8288080b5f810af0ceec/000.png
138,https://img.hmv.co.jp/image/jacket/400/94/8/6/786.jpg
139,https://animaru.jp/product_image/scenario/000267/000267996/main_01_M.jpg
140,https://ddnavi.com/wp-content/uploads/2019/05/gotohana_1.jpg
141,https://vod-geki.s3.ap-northeast-1.amazonaws.com/wp-content/uploads/2021/07/11174843/cd1baa22063857c0b0cba5f755b623c7.jpg
142,"https://contents.oricon.co.jp/cdn-cgi/image/width=750,quality=85,format=auto/upimg/news/20200219/2155708_202002190872661001582082505e.jpg"
143,https://ogre.natalie.mu/media/news/comic/2017/0809/wm_gotoubun01.jpg?impolicy=m&imwidth=750&imdensity=1
144,https://cdn.shopify.com/s/files/1/0519/5658/0516/files/otto-mobile-1.jpg?v=16864256410287513055
145,https://news.ponycanyon.co.jp/wp/wp-content/uploads/2021/12/11bae7e37e434367677147c3c495636f-scaled.jpg
146,https://www.bandai.co.jp/candy/published/bnc_files/product/UAK/000000340603fQRVtuW3fgU5ZGsqC2lHraWBaJV0elcZVUAK.jpg
147,https://realsound.jp/wp-content/uploads/2022/05/20220525-gotoubunnokiseki-jkt.jpg
148,https://www.volks.co.jp/blog_sr/akiba2/assets_c/2022/07/0805_01-thumb-764x1080-65244.jpg
149,https://pbs.twimg.com/media/FjWc5o7VIAABmyU?format=jpg&name=900x900
150,https://thechara.xsrv.jp/wp-content/uploads/2022/01/220204%E3%80%90%E4%BA%94%E7%AD%89%E5%88%86%E3%81%AE%E8%8A%B1%E5%AB%81%E2%88%AC%E3%80%91%E3%82%AB%E3%82%B8%E3%83%8E_KV_%E6%9C%9F%E9%96%93%E5%BB%B6%E9%95%B7ol-01-scaled.jpg
151,https://m.media-amazon.com/images/I/71W6qxgjEAL._AC_SL1415_.jpg
152,https://www.fancy-fukuya.co.jp/mgr/wp-content/uploads/2022/02/TOPICS.jpg
153,https://images.animageplus.jp/articles/43000/43907/OG/584e66cceb9dbce63d73aca633a916a5.jpg
154,https://storage.mantan-web.jp/images/2021/02/16/20210216dog00m200026000c/001_size6.jpg
155,https://www.animate.co.jp/uploads/2021/01/832fea063fe961070e039a09e05069dc.jpg
156,https://cv.bkmkn.kodansha.co.jp/9784065171646/9784065171646_w.jpg
157,https://prtimes.jp/i/12086/470/resize/d12086-470-131772-0.jpg
158,https://j-mag.org/wp-content/uploads/2021/02/GH2_07_046.jpg
159,https://aninetsu.com/wp-content/uploads/2020/02/flHYsPlwcYEKYM41583272575_1583272731.jpg
160,https://www.koni-wakka.com/wp-content/uploads/2019/03/20190117173646-1.jpg
161,https://news.mynavi.jp/article/20210106-1623482/ogp_images/ogp.jpg
162,https://pbs.twimg.com/media/FVW-iLPacAERRFT.jpg:large
163,https://images.ciatr.jp/2019/09/w_828/1lmZ4EsgNQL4NFi2KvdFCAd0W0HBTwIG62Dwp1KR.jpeg
164,https://spice.eplus.jp/images/N9ALDH4GopvHelT03zQyH7vpk18D6C77K21ju1ZqTzy6MRnyMpKk5xaoBW553qCa
165,https://stat.ameba.jp/user_images/20220604/03/nyanhdhisjdae/a2/43/j/o0680038315127737654.jpg
166,https://animetourism88.com/application/files/7916/5658/3329/main.jpg
167,https://mirtomo.com/wp-content/uploads/2019/03/b11d47f476b5313029c662513e7b258f.png
168,https://cdn-ak.f.st-hatena.com/images/fotolife/s/shakeboy/20210112/20210112213425.jpg
169,https://animemiru.jp/wp-content/uploads/2020/07/gotoubunnohanayome-huutaro.jpeg
170,https://canime.jp/upload/jacket/PCXP000050894/org/1134101006_1.jpg
171,https://dengekionline.com/images/2vtD/JajL/o147/UhVp/Hm5kflqTiazlwrGHjgAn7fPXk6ncFgwwa8f7u5HH2ffLNhsjsyvtsuMMjPz95hdmHX69men96BtZUXBb_main.jpg
172,https://www.tbs.co.jp/anime/5hanayome/img/top_footebanner_2nd.jpg
173,https://5hanayome.mages.co.jp/assets/images/common/ogp2.png
174,https://animaru.jp/product_image/scenario/000319/000319274/main_01_UTWPmXER_M.jpg
175,https://aniverse-mag.com/wp-content/uploads/2022/02/5f8912b2a670b477c14275965204040a-e1644373443810.jpg
176,https://animeanime.jp/imgs/list_m/402105.jpg
177,https://cs1.animestore.docomo.ne.jp/anime_kv/img/24/41/0/0/11/24410011_1_2.png?1614137458000
178,https://stat.ameba.jp/user_images/20210403/19/shine-like-the-stars/13/24/j/o1080062314920673874.jpg?caw=800
179,https://lohas.nicoseiga.jp/thumb/9220247i
180,https://img.hmv.co.jp/image/jacket/800/95/2/6/769.jpg
181,https://www.famitsu.com/images/000/260/575/z_62725014c6f01.jpg
182,https://i2.wp.com/anime-game-review.com/wp-content/uploads/2019/03/ED.jpg?resize=743%2C1215&ssl=1
183,https://raffanime.com/wp-content/uploads/2019/05/6b9beb2ade8a3c98c10d80464b801fec-1.jpg
184,https://tomo-taro.com/wp/wp-content/uploads/post-1055-anime-5-hanayome-thumbnail-001.jpg
185,https://m.media-amazon.com/images/I/71jVLkyMn8L._AC_UL320_.jpg
186,https://www.lawson.co.jp/lab/campaign/5hanayome/img/202109/main_keyvisual_sp.png
187,https://d1bxqgdk88uwr3.cloudfront.net/wp-content/uploads/2021/02/02165740/GH2_05_019_result.jpg
188,https://sp-akiba-souken.k-img.com/thumbnail/images/article/000/853/853413.jpg?w=1200&m=amp_resize
189,https://www.neowing.co.jp/pictures/l/05/31/2023CL-35.jpg
190,https://hominis.media/2021/01/images/banner_gotobunff.jpg
191,https://prtimes.jp/i/16064/2630/resize/d16064-2630-427776-0.jpg
192,https://ascii.jp/img/2021/01/07/3141150/l/63095fa06f19eaf5.jpg
193,https://utaten.com/uploads/images/specialArticle/3337/15b26484a4525d4c0bef736ea3e17104018a5d09.jpeg
194,https://shikamo.jp/wp-content/uploads/2021/02/602b7786d9056_1.jpg
195,https://images.animageplus.jp/articles/44000/44340/OG/54ae195208f8ecbe49e1e13c8500493b.jpg
196,https://5hanayome-puzzle.enish.com/news/detail/img/20200527_main.jpg
197,https://bandai-a.akamaihd.net/bc/img/model/xl/1000169898_1.jpg
198,https://cv.bkmkn.kodansha.co.jp/9784065173619/9784065173619_w.jpg
199,https://kiwametai.com/wp-content/uploads/2019/04/5696e55276e8e6e91b6375e4485dd49b-768x432.jpg
200,https://image2.b-ch.com/ttl2/7171/7171007a.jpg?impolicy=fitin&ww=480&hh=270
201,https://pbs.twimg.com/media/ExaZbj8VEAQUY5Y.jpg
202,https://storage.mantan-web.jp/images/2022/09/12/20220912dog00m200001000c/001_size6.jpg
203,https://cho-animedia.jp/imgs/p/4i9dnYHcCN43tBa-eYkdtFrMc8LMwsPExcbH/392924.jpg
204,https://abm.hayabusa.media/series/420-51/thumb.png%3Fversion%3D1638935748?background=000000&fit=fill&format=jpg&height=216&mode=fast&quality=60&width=384
205,https://xn--bckai0fj2e5lwb6df.com/wp-content/uploads/2021/06/A006772.jpg
206,https://game.watch.impress.co.jp/img/gmw/list/1304/286/main.jpg
207,https://moviewalker.jp/api/resizeimage/news/article/1083869/10832870?w=615
208,https://stat.dokusho-ojikan.jp/4d805082-4848-439d-89a3-7ac8c2a32223.jpg
209,https://www.tbs.co.jp/anime/5hanayome/img/pvbanner_03.png
210,https://www.cospa.com/images/items/pc/202101/vtiU0vDW1lIm.jpg
211,https://prtimes.jp/i/6618/344/ogp/d6618-344-864709-0.jpg
212,https://research.image.itmedia.co.jp/wp-content/uploads/2022/02/1644893905_dc0c2951f0edf3cad0246d088889df27.jpg
213,https://j-mag.org/wp-content/uploads/2021/03/GH2_10_020.jpg
214,https://www.neowing.co.jp/pictures/l/05/31/2023CL-35.jpg
215,https://curiousvv.info/wp-content/uploads/2019/03/%E5%B7%A6%E5%88%A9%E3%81%8D-6.png
216,https://hominis.media/2019/02/images/01_gotobunn0207.jpg
217,https://hobby.dengeki.com/ss/hobby/uploads/2022/11/002_U-vaQ-Vmh5HeExJOleLjeKv_BSUxXUs6.jpg
218,https://www.cospa.com/images/items/pc/202101/cDCaK92XFFxf.jpg
219,https://i3.gamebiz.jp/images/original/34545210860b8b41eb611a0020.jpg
220,https://i.ytimg.com/vi/4wKoRlSSuoo/maxresdefault.jpg
221,https://pocchary.com/wp-content/uploads/2020/05/%E6%98%A0%E7%94%BB%E3%82%A2%E3%82%A4%E3%82%AD%E3%83%A3%E3%83%83%E3%83%81-10.png
222,https://cf-images.ap-northeast-1.prod.boltdns.net/v1/static/5797077852001/6c400560-8809-442b-9ac6-fadd8e394805/4728d93f-2322-41c6-a51a-38c6047168ea/1280x720/match/image.jpg
223,https://cv.bkmkn.kodansha.co.jp/9784065163351/9784065163351_w.jpg
224,https://d1bxqgdk88uwr3.cloudfront.net/wp-content/uploads/2021/03/24113836/%E3%80%90%E4%BA%94%E7%AD%89%E5%88%86%E3%81%AE%E8%8A%B1%E5%AB%81%E2%88%AC%E3%80%913%E5%B7%BB%E3%82%B8%E3%83%A3%E3%82%B1%E3%83%83%E3%83%88.jpg
225,https://animemiru.jp/wp-content/uploads/2018/11/gotoubun-yotuba-09.jpg
226,https://cdn.shopify.com/s/files/1/0519/5658/0516/files/otto-mobile-2.jpg?v=9537084080640545278
227,https://www.iid.co.jp/wordpress/wp-content/uploads/2022/05/2022050901b-2312315.jpg
228,https://img.hmv.co.jp/image/jacket/800/0000115/1/2/584.jpg
229,https://xn--bckai0fj2e5lwb6df.com/wp-content/uploads/2021/07/E6Krm16VEAId7JC.jpg?w=640
230,https://kujibikido.com/lp/5hanayome_christmas/img/kv_pc.png
231,https://ddnavi.com/wp-content/uploads/2018/08/hanayome_1.jpg
232,https://www.enish.jp/wp-uploads/2021/10/pic_01-1024x575.jpg
233,https://109cinemas.net/images/events/5hanayome/image_01.jpg
234,https://ckworks.jp/animeradar/cacheimage/m/https://pbs.twimg.com/media/ExVxjviUcAAcHE0.jpg
235,https://www.atpress.ne.jp/releases/208651/img_208651_2.jpg
236,https://m.media-amazon.com/images/I/71jVLkyMn8L._AC_UL320_.jpg
237,https://www.volks.co.jp/blog_sr/akiba2/2020/1223_01.jpg
238,https://i.pinimg.com/736x/bd/dd/6b/bddd6b52d266d1b08e8d717c9b840eff.jpg
239,https://www.pashplus.jp/wp-content/uploads/2a299dbc02e00650f0c904a717bedb9d.jpg
240,https://images.animageplus.jp/articles/41000/41898/OG/2275a5ee33fd61cf651be9c6cb59690b.jpg
241,https://www.animate.co.jp/uploads/2019/02/s-IMG_0259.jpg
242,https://eeo.today/media/wp-content/uploads/2022/05/06151258/gotobun_movie_yokoku00009.jpg
243,https://moviewalker.jp/api/resizeimage/news/article/1083869/10828008?w=615
244,https://dengekionline.com/images/4Rre/6L8o/OfRd/fNj7/mdQEBc9SMak2Zg69i7paQeOMVSfn2fnMlid8XBm6oUTLHW1p7pc4hlG1QuhYjy3hfEjIeN4I6qt0pz2Z_main.jpg
245,https://image.itmedia.co.jp/nl/articles/1909/01/nt19_tqq_main.jpg
246,https://akananime.com/wp-content/uploads/2021/02/2-5.png
247,https://tc-animate.techorus-cdn.com/resize_image/resize_image.php?image=4573547858527_1.jpg&width=500
248,https://scratch.dmm.com/s3/kuji/FXDVxNsoM03OPfRfVfZONUvxdyK4PS7lYmQewlWH.jpeg?w=860
249,https://kujibikido.com/upload/save_image/12091532_6392d699d437f.png
250,https://matome-server.com/wp-content/uploads/2021/06/7ea2d3cb66d288790d4ec333b6977545-1.jpg
251,https://i.pinimg.com/736x/94/e5/31/94e531120f88e77976602bea11eb188a.jpg
252,https://i0.wp.com/pamyun.com/wp-content/uploads/2020/12/2020y12m06d_091204157.jpg?fit=450%2C225&ssl=1
253,https://cv.bkmkn.kodansha.co.jp/9784065185582/9784065185582_w.jpg
254,https://www.4gamer.net/games/662/G066293/20221013083/TN/001.jpg
255,https://prtimes.jp/i/12086/485/resize/d12086-485-769019-8.jpg
256,https://www.famitsu.com/images/000/210/939/y_5fd1962c6d0ec.jpg
257,https://cdn.akamai.steamstatic.com/steam/apps/1968570/capsule_616x353_japanese.jpg?t=1665634670
258,https://game.watch.impress.co.jp/img/gmw/docs/1354/026/000_l.jpg
259,https://sp-akiba-souken.k-img.com/thumbnail/images/article/000/815/815133.jpg?w=640&h=480&m=resize
260,https://bandai-a.akamaihd.net/bc/img/model/xl/1000178887_1.jpg
261,https://livedoor.blogimg.jp/mrbloodman3480-nzsmoet5/imgs/1/c/1cc1c85e.jpg
262,https://news.mynavi.jp/article/20180808-675485/images/001.jpg
263,https://collabo-cafe.com/wp-content/uploads/ac937c24c086b18dd937dff7ab55797c.jpg
264,https://d1bxqgdk88uwr3.cloudfront.net/wp-content/uploads/2021/02/16130627/%E4%BA%94%E7%AD%89%E5%88%86%E3%81%AE%E8%8A%B1%E5%AB%817%E8%A9%B1-4_result.jpg
265,https://images.animageplus.jp/articles/44000/44359/OG/8f0ad5c82726d115df254ef70c85359f.jpg
266,https://d2ueuvlup6lbue.cloudfront.net/attachments/cf6a3b349e05693c3b8cb1bfa9324cc73e2b6aae/store/fitpad/300/420/dbe16c8ef72598496bf13e2e6e152b79ba0637c9bfaab38dd0c3f439f132/_.jpg
267,https://cho-animedia.jp/imgs/p/1n6hptJLn5o3q9GDkcHBvVrMT8EhwsPExcbH/225877.jpg
268,https://pbs.twimg.com/media/EvpUDLiWYAUe1BG.jpg:large
269,https://animemiru.jp/wp-content/uploads/2020/07/gotoubunnohanayome-itutugo-480x270.jpg
270,http://www.foods-ch.com/export/sites/default/images/news/press_1309800_image1.jpg
271,https://encrypted-tbn0.gstatic.com/images?q=tbn:ANd9GcTbd8b9NSVHj4UZa_AhRcRLkfmou4AveyEr3Q&usqp=CAU
272,https://encrypted-tbn0.gstatic.com/images?q=tbn:ANd9GcQrN9z4l6Hpyo6ZVWte-gFoKK4aI1KVl81Kng&usqp=CAU
273,https://hobby.dengeki.com/ss/hobby/uploads/2022/02/img_297716_2_Jii_NCvVeN79NDCjUr3M2-37N7XDsWkH.jpg
274,https://www.lawson.co.jp/lab/campaign/5hanayome/img/main_keyvisual_sp.png
275,https://image2.b-ch.com/ttl2/7171/7171002a.jpg?impolicy=fitin&ww=480&hh=270
276,https://moviewalker.jp/api/resizeimage/content/main/mv72779_101666a5dfd7e7d78fe195bf01497453b39c33.jpg?w=680
277,https://gyaostore-pctr.c.yimg.jp/uUzvQ3lML_bkIqyakc1vFs5m5vWpmdnzwFmHSWX0ZqoTyGv9e4mU65Pf6Nlqej71G6jQvvV6QBM5i_V5yVuqvG3XfSMHoP_068vp-31z5auf162CJ9Tii4V4k6kjujuluTsh8VJy_kPQk2yTxDxHgf9iq-G3yG6PoSwpPpRpRK6CZBOTWrOItIjgbm9CfqTl_Iunpr84BsaJYs7sEqvTGQPQjLBcWA5D5epkJyIgnw0=
278,https://www.inside-games.jp/vod/wp-content/uploads/2022/08/%E4%BA%94%E7%AD%89%E5%88%86%E3%81%AE%E8%8A%B1%E5%AB%81%E2%88%AC_U-NEXT.jpg
279,https://img.hmv.co.jp/image/jacket/800/95/2/6/772.jpg
280,https://stat.dokusho-ojikan.jp/8da804eb-dcae-41ef-baa9-95155c7f3b82.jpg
281,https://times-abema.ismcdn.jp/mwimgs/6/7/724w/img_67c3ca67271f3bc912dd445f0f4dd420177364.jpg
282,https://akananime.com/wp-content/uploads/2021/03/14-2.png
283,https://cdn-ak.f.st-hatena.com/images/fotolife/m/magazine_pocket/20201225/20201225060618.png
284,https://akiba-souken.k-img.com/assets/images/article/000/815/t640_815136.jpg
285,https://images.ciatr.jp/2020/12/w_828/LlxHqwjBFnoQzlOMkJvVxjx13v5xd4GtDET8OoQh.jpg
286,https://dengekionline.com/images/Lf2y/pOQn/qqDk/2Ekz/J32lqLpNt9ox59VkPESOmGXgxFYW4ZkZ9Ny6GPsRX39xqIJIDfg8gZ9ojsjOgEPDZhdWTbXvid2x7kqs_main.jpg
287,"https://res.cloudinary.com/macm/image/upload/c_fill,h_400,w_700/rqlvs5h2fmqn4v3z9rzx.jpg"
288,https://webnewtype.com/rsz/S1/1024575/10217778.jpg/w355/
289,https://img.amiami.jp/images/product/main/214/GOODS-04192430.jpg
290,https://cho-animedia.jp/imgs/p/4i9dnYHcCN43tBa-eYkdtFrMc8LMwsPExcbH/211436.jpg
291,https://i.ytimg.com/vi/qXgdKw8i1oI/maxresdefault.jpg
292,https://yuushablog.info/wp/wp-content/uploads/2019/08/img_2990.jpg
293,https://animeanime.jp/imgs/list_m/395887.jpg
294,https://cs1.animestore.docomo.ne.jp/anime_kv/img/25/87/0/0/01/25870001_1_9_8b.png?1665104411146
295,https://encrypted-tbn0.gstatic.com/images?q=tbn:ANd9GcRxPt-HdusTiOcrpz6VrsBRNu1VUdIAQ25AnA&usqp=CAU
296,https://shop.r10s.jp/book/cabinet/5154/9784065195154.jpg
297,https://img.cdn.nimg.jp/s/nicovideo/thumbnails/38202171/38202171.13421993.original/r1280x720l?key=e6f50119a2498255b09da4818c9c3a030badf0f1d7a108cc3b216244cc38b891
298,https://pics.static-showtime.jp/genre/animation/20190320/s15vid202102354723297/contents_xl.jpg
299,https://pbs.twimg.com/media/ExV4q_fW8AYvnKn.jpg
300,https://animaru.jp/product_image/scenario/000333/000333829/main_01_0dvyeMfn_M.jpg
301,https://www.ppihgroup.com/products/5hanayome_2/img/title.jpg
302,https://matome-server.com/wp-content/uploads/2021/04/48bf2ba0fe2ea5f7c465f7cb95d590f6-1024x559.jpg
303,https://hayabusa.io/abema/programs/189-11_s1_p5/thumb002.v1627622603?background=000000&fit=fill&format=jpg&height=432&quality=75&version=1627622603&width=768
304,https://bestanime.jp/wp-content/uploads/2020/04/rapture_20191225234648.jpg
305,"https://imgc.eximg.jp/i=https%253A%252F%252Fs.eximg.jp%252Fexnews%252Ffeed%252FPrtimes%252F38%252FPrtimes_2022-06-14-12086-617%252FPrtimes_2022-06-14-12086-617_1.png,zoom=600,quality=70,type=jpg"
306,https://www.cospa.com/images/items/pc/202103/Z8ywcYi7jb9i.jpg
307,https://jikorich.com/vod/wp-content/uploads/2021/01/5696e55276e8e6e91b6375e4485dd49b.jpg
308,https://subculger.net/wp-content/uploads/2022/03/%E6%98%A0%E7%94%BB%E4%BA%94%E7%AD%89%E5%88%86%E3%81%AE%E8%8A%B1%E5%AB%81_02.jpg
309,https://t.livepocket.jp/image/C0LNQGvQxxULfMC7WSU36flVCCKVNgTfVTyb8RwQtBtAu1NjXgzG56Xsmr6NILAV
310,https://eigotoka.com/wp-content/uploads/1553189337915.jpg
311,https://i.ytimg.com/vi/ZNeG8JAchSU/hqdefault.jpg?sqp=-oaymwEiCKgBEF5IWvKriqkDFQgBFQAAAAAYASUAAMhCPQCAokN4AQ==&rs=AOn4CLB1rJjh92TNaiXykxGfmxmXnxrMUA
312,https://img.hmv.co.jp/image/jacket/800/0000115/1/2/588.jpg
313,https://webnewtype.com/rsz/S1/248319/1572254.jpg/w615h500wex615hex500/
314,https://static.mercdn.net/item/detail/orig/photos/m79085326539_1.jpg?1658847441
315,https://storage.mantan-web.jp/images/2019/11/19/20191119dog00m200029000c/001_size6.jpg
316,https://www.ppihgroup.com/products/5hanayome_4/img/item_01.jpg
317,https://m.media-amazon.com/images/I/711Fc0hqKnL._AC_SY500_.jpg
318,https://shopping.line-scdn.net/0hi7SsDw-jNhhuCiNCBf9JTzxXKmkYe28PETIsOhlPdnoUbXUeWjh6ekleaS5BO3IbVzt4e0wOaSsTPHJOVzhxEEoJbX9AM3FGUTx7ek0MLShCPHlHB2R6/r800
319,https://encrypted-tbn0.gstatic.com/images?q=tbn:ANd9GcRKNEjUoEy_oBNtzLUxYdP_UTCOcDbuD7dPfgfEAvNB2A2fZDbYIo_RLag1NdJC8L8cDEc&usqp=CAU
320,https://static.mercdn.net/item/detail/orig/photos/m45415152338_1.jpg
321,https://tc-animate.techorus-cdn.com/resize_image/resize_image.php?image=4573547858442_1.jpg
322,https://prcdn.freetls.fastly.net/release_image/12086/661/12086-661-b3465a0200b64866020e2c540ba2fa27-1200x675.png?format=jpeg&auto=webp&quality=85%2C75&width=1950&height=1350&fit=bounds
323,https://collabo-cafe.com/wp-content/uploads/343282fa85e1eaf7ea05ef76ebede2b2.jpeg
324,https://d38cuxvdcwawa4.cloudfront.net/img/goods/L/04069-00401-00240-l.jpg
325,https://images.animageplus.jp/articles/46000/46444/OG/81cdecd00a22bf692a44ca450239ce5d.jpg
326,https://realsound.jp/wp-content/uploads/2022/06/20220601-gotokiss99.jpg
327,https://livedoor.blogimg.jp/gundam0529/imgs/2/e/2e98a934.png
328,https://lh3.googleusercontent.com/BO6QDqryEGvHc8qTU19zhJQqWYMbZw9qXz_9UeB5Tr-SswPWHGz0pTVQqxVCZC1QhMSAAd3bscLab5wdnAu0N57dQwZkgfsna78bv00x
329,https://makeshop-multi-images.akamaized.net/UNDERGROUNDC/itemimages/0000000003472_Epgd90o.jpg
330,https://animemiru.jp/wp-content/uploads/2020/07/gotoubunohanayome-miku4-480x270.jpg
331,https://auctions.afimg.jp/x1032101207/ya/image/x1032101207.1.jpg
332,https://cho-animedia.jp/imgs/p/4i9dnYHcCN43tBa-eYkdtFrMc8LMwsPExcbH/65358.jpg
333,https://d1bxqgdk88uwr3.cloudfront.net/wp-content/uploads/2021/02/09184358/GH2_06_065_result.jpg
334,https://i0.wp.com/neino-san.com/wp-content/uploads/2020/10/%E9%9D%92%E3%81%AE%E7%A5%93%E9%AD%94%E5%B8%AB%E3%81%A3%E3%81%A6%E4%BD%95%E3%81%8C%E9%9D%A2%E7%99%BD%E3%81%84%E3%81%AE%EF%BC%9F-%E3%82%A2%E3%83%8B%E3%83%A1%E5%85%A8%E8%A9%B1%E8%A6%8B%E3%81%A6%E3%81%BF%E3%81%9F%E3%82%8F%E3%81%8B%E3%81%A3%E3%81%9F3%E3%81%A4%E3%81%AE%E9%AD%85%E5%8A%9B-5.jpg?fit=2240%2C1260&ssl=1
335,https://animaru.jp/product_image/scenario/000331/000331180/main_01_LXTaTKzs_M.jpg
336,https://img2.animatetimes.com/2022/03/622ae3d565702_f10b7209f1c0e67d5a4f1e259bdfdc90.jpg
337,https://d2gg276agplw6d.cloudfront.net/services/images/estream-store/gotoyome_chips/cbca2693-a3de-4606-a26f-5db06eff751e_86085733522692.png
338,https://xn--bckai0fj2e5lwb6df.com/wp-content/uploads/2021/08/A009691.jpg
339,https://i.shgcdn.com/d58de548-9242-40f0-a830-840076c24dde/
340,https://img.cdn.nimg.jp/s/nicovideo/thumbnails/37877102/37877102.28886316.original/r1280x720l?key=81bb2697bcf39ea3d42c7411957afa9b9f7fb72665024e96eceb2303541fbfb6
341,https://www.village-v.co.jp/images/original/5TB_LP_top_0412__1.jpg
342,https://www.tbs.co.jp/anime/5hanayome/1st/img/logo_c.png
343,https://img07.shop-pro.jp/PA01343/588/product/155995438.jpg?cmsp_timestamp=20201204144105
344,https://cv.bkmkn.kodansha.co.jp/9784065211465/9784065211465_w.jpg
345,https://pbs.twimg.com/media/Em9BTbaUUAAZLeM?format=jpg&name=900x900
346,https://i.pinimg.com/originals/b7/4c/64/b74c64ec23be5861b1864cd5aa7e8b57.jpg
347,https://i.ytimg.com/vi/IVN__E01r1I/maxresdefault.jpg
348,https://image.news.livedoor.com/newsimage/stf/a/7/a7244985264c9ae210afd78126255f31.png
349,https://cho-animedia.jp/imgs/zoom/392925.jpg
350,https://www.animate.co.jp/uploads/2019/02/e53511fb9b5eaa87206bb4a34f9a2a63-1.jpg
351,https://animeanime.jp/imgs/list_m/388505.jpg
352,https://curiousvv.info/wp-content/uploads/2019/03/%E5%B7%A6%E5%88%A9%E3%81%8D-4.png
353,https://images.animageplus.jp/articles/42000/42451/OG/752d4d21458c27fe54b9006eda749ae7.jpg
354,https://www.4gamer.net/games/320/G032044/20210618011/SS/001.jpg
355,https://iti-inc.co.jp/sub-choice/wp-content/uploads/2022/06/202206XX_285.webp
356,https://image.gamer.ne.jp/news/2020/20200316/00655dd4d349c21fd2b5bcb5fdf04eb3b95b/o/2.jpg
357,https://tc-animate.techorus-cdn.com/resize_image/resize_image.php?image=4573559358138_1.jpg&width=500
358,https://storage.mantan-web.jp/images/2019/06/04/20190604dog00m200038000c/001_size6.jpg
359,https://img.cdn.nimg.jp/s/nicovideo/thumbnails/38176967/38176967.39509637.original/r1280x720l?key=56cf74185f42f70f58122d46de4ab6d9cde79d915852f6fc46018168ef978a91
360,https://pics.prcm.jp/f28d01dc64493/85686160/png/85686160_357x636.png
361,https://dengekionline.com/images/9t3x/CPTD/5Fkb/r7PZ/a3zKsVjDjZbIa3Fc4wctoPvzfmXb7Wm9CVFytkH8TUuc4PlCUJBPhv5F4h5n6tH4M06H2luqZmtf5kvG_main.jpg
362,https://i1.wp.com/animedeeply.com/wp-content/uploads/2019/03/8230248ff0883f34e283820b18d500a0.jpg?fit=480%2C270&ssl=1
363,https://collabo-cafe.com/wp-content/uploads/d78f0692a4e289415a2817aa7d2ac9b2.jpg
364,https://mirtomo.com/wp-content/uploads/2019/06/b6b2679dca3c211ba065c2351f3eb0ab.png
365,https://www.tbs.co.jp/anime/5hanayome/1st/img/modal_logo.png
366,https://static.mercdn.net/item/detail/orig/photos/m92674269761_1.jpg?1668592922
367,https://www.suruga-ya.jp/database/pics_light/game/185187765.jpg
368,https://livedoor.blogimg.jp/ponpokonwes/imgs/6/4/6447e473.jpg
369,https://animemiru.jp/wp-content/uploads/2018/11/gotoubun-itika-04.jpg
370,https://tshop.r10s.jp/ariat-2/cabinet/anime2/akgbm-01.jpg?fitin=720%3A720
371,https://moviewalker.jp/api/resizeimage/news/article/1083869/10828005?w=615
372,http://cdn.shopify.com/s/files/1/0640/4561/3268/products/ccgh0184-ics_NO1.jpg?v=1663825493
373,https://news.biglobe.ne.jp/economy/1102/7808780814/d12086-653-655419a2a38f2a0cfb91-0_thum800.png
374,https://occ-0-2794-395.1.nflxso.net/dnm/api/v6/9pS1daC2n6UGc3dUogvWIPMR_OU/AAAABRqdX5DPUUX0Bgspu7b7zHSC-Zbhy0au8qRDIfuAanYMGvybypg1jwPrlqzybASuRiejllajQdWy9jCukct6ioPq-RsqYF8kXw8oRhFSMmjfjPzdjxoa0Jv1.jpg?r=ebd
375,https://news.mynavi.jp/article/20200219-977175/images/003.jpg
376,https://i.ytimg.com/vi/bXPJJstPsLU/maxresdefault.jpg
377,https://img.hmv.co.jp/hybridimage/news/images/20/1221/1037/body_185655.jpeg
378,https://images.animageplus.jp/articles/43000/43037/OG/344f8500273fe3eb35a1e9bc6fc2240e.jpg
379,https://cs1.animestore.docomo.ne.jp/anime_kv/img/24/41/0/0/10/24410010_1_2.png?1614137432000
380,https://img2.animatetimes.com/2021/10/6177dd2b8942e_a2537527f03566489d890a86afc64c39.jpeg
381,https://cdn-ak.f.st-hatena.com/images/fotolife/s/sayamarinaprpr/20190817/20190817111758.jpg
382,"https://imgc.eximg.jp/i=https%253A%252F%252Fs.eximg.jp%252Fexnews%252Ffeed%252FAnimeanime%252F19%252FAnimeanime_69560%252FAnimeanime_69560_1.jpg,zoom=600,quality=70,type=jpg"
383,https://gyaostore-pctr.c.yimg.jp/uUzvQ3lML_bkIqyakc1vFs5m5vWpmdnzwFmHSWX0ZqoTyGv9e4mU65Pf6Nlqej71G6jQvvV6QBM5i_V5yVuqvG3XfSMHoP_068vp-31z5asElvi91M3hCWA9g-mI4cknP3h88046FQ-zX6l7a5vddclFaOvMv7Z3jqM55r7mcMCsjy1Kksg6NeLC_SNURxCO48efKrvoGeQ4kcaJ3gwOw-pk-0s-oxrqQoW0VWONyZw=
384,https://sp-akiba-souken.k-img.com/thumbnail/images/article/000/895/895622.jpg?w=640&h=480&m=resize
385,https://auc-pctr.c.yimg.jp/i/auctions.c.yimg.jp/images.auctions.yahoo.co.jp/image/dr000/auc0301/users/431ce6af713a67779e71e23e56a88d8017f9dc93/i-img1011x757-1641309407wsq3pi22.jpg
386,https://animaru.jp/product_image/scenario/000319/000319291/main_01_PuoUJCmV_M.jpg
387,https://teo.cocolog-nifty.com/ref_2679/02/5hanayome0215a.jpg
388,https://dip6t338iqjb9.cloudfront.net/upload/save_image/964/M1560445159.jpg?14
389,https://assets.st-note.com/production/uploads/images/47231421/picture_pc_7e38a58b889a868e6bd0c6631f24bc37.jpeg
390,https://appmedia.jp/wp-content/uploads/2021/01/9b06300a0a337054b0beced2a9919ae5.jpeg
391,https://5hanayome-puzzle.enish.com/news/detail/img/20210201_01.jpg
392,https://imgc.nxtv.jp/img/info/thumbnail/sakuhin/SID0052903/ED00303604/jzpxe_ED00303604.png?output-format=jpg&output-quality=70&resize=282:*
393,https://i.ytimg.com/vi/DiklFQTYgXk/maxresdefault.jpg
394,https://pbs.twimg.com/media/EVtmImSUcAE8hdy.jpg
395,https://ebook-house.com/wp-content/uploads/2022/04/%E4%BA%94%E7%AD%89%E5%88%86%E3%81%AE%E8%8A%B1%E5%AB%81-%E3%82%A2%E3%83%8B%E3%83%A1-%E4%BD%95%E5%B7%BB%EF%BC%91.jpg
396,https://images.animageplus.jp/articles/33000/33128/OG/c3c3aab6396b68e6d19e0282b5e3d579.jpg
397,https://deliver.cdn.nicomanga.jp/thumb/mg_icon/8223621q
398,https://www.ppihgroup.com/products/5hanayome_4/img/title.jpg
399,https://img.fril.jp/img/525400942/l/1580741095.jpg?1653918444
400,https://deliver.cdn.nicomanga.jp/thumb/mg_icon/8223621q
401,https://encrypted-tbn0.gstatic.com/images?q=tbn:ANd9GcQ_Jz2_g8DsLLLPqSApAeBSQlcO0IxTr1ssx-ZKdVBeoYVdyUX0DGTyQvbIHpV4RFcU5cI&usqp=CAU
402,https://auc-pctr.c.yimg.jp/i/auctions.c.yimg.jp/images.auctions.yahoo.co.jp/image/dr000/auc0301/users/431ce6af713a67779e71e23e56a88d8017f9dc93/i-img1011x757-1641309407wsq3pi22.jpg
403,https://encrypted-tbn0.gstatic.com/images?q=tbn:ANd9GcRxw-ak19xhHjSjQFwgkU8WuDp9-WgTq2vY-Nr8wVQliFgaeO_Zwp3ju87ZF9z4_5KzVqk&usqp=CAU
